area_fips	avg_wkly_wage
01001	736
01003	651
01005	675
01007	778
01009	633
01011	580
01013	618
01015	676
01017	675
01019	623
01021	687
01023	1001
01025	749
01027	665
01029	863
01031	611
01033	794
01035	669
01037	731
01039	668
01041	638
01043	717
01045	1070
01047	746
01049	665
01051	661
01053	737
01055	673
01057	603
01059	634
01061	583
01063	628
01065	679
01067	744
01069	756
01071	641
01073	1111
01075	722
01077	618
01079	626
01081	684
01083	817
01085	877
01087	568
01089	1034
01091	795
01093	633
01095	635
01097	867
01099	838
01101	808
01103	847
01105	566
01107	660
01109	722
01111	617
01113	707
01115	705
01117	1084
01119	678
01121	857
01123	628
01125	780
01127	721
01129	1431
01131	950
01133	663
01999	1402
02013	1059
02016	1138
02020	1062
02050	883
02060	890
02068	1409
02070	766
02090	896
02100	780
02105	500
02110	865
02122	907
02130	801
02150	801
02158	614
02164	683
02170	727
02180	962
02185	2233
02188	1675
02195	549
02198	628
02220	720
02230	707
02240	1236
02261	1239
02275	587
02282	627
02290	961
02999	1211
04001	755
04003	730
04005	744
04007	817
04009	730
04011	1432
04012	601
04013	1054
04015	678
04017	735
04019	856
04021	724
04023	675
04025	705
04027	647
04999	1777
05001	739
05003	873
05005	648
05007	1506
05009	683
05011	627
05013	1089
05015	554
05017	579
05019	674
05021	523
05023	594
05025	0
05027	772
05029	706
05031	724
05033	663
05035	677
05037	595
05039	611
05041	682
05043	628
05045	714
05047	679
05049	538
05051	658
05053	723
05055	704
05057	668
05059	682
05061	626
05063	687
05065	592
05067	734
05069	746
05071	581
05073	543
05075	603
05077	597
05079	588
05081	1270
05083	617
05085	651
05087	643
05089	579
05091	718
05093	940
05095	567
05097	457
05099	828
05101	418
05103	637
05105	613
05107	576
05109	570
05111	689
05113	581
05115	749
05117	601
05119	923
05121	579
05123	588
05125	647
05127	535
05129	489
05131	798
05133	627
05135	587
05137	524
05139	1046
05141	714
05143	864
05145	673
05147	652
05149	552
05999	0
06001	1444
06003	614
06005	733
06007	737
06009	603
06011	751
06013	1358
06015	660
06017	912
06019	757
06021	704
06023	694
06025	568
06027	745
06029	829
06031	703
06033	689
06035	718
06037	1192
06039	747
06041	1335
06043	587
06045	690
06047	730
06049	601
06051	649
06053	803
06055	982
06057	766
06059	1208
06061	1040
06063	732
06065	775
06067	1033
06069	797
06071	826
06073	1149
06075	2334
06077	800
06079	799
06081	2462
06083	976
06085	2540
06087	899
06089	751
06091	513
06093	678
06095	1115
06097	966
06099	845
06101	727
06103	742
06105	600
06107	679
06109	753
06111	1087
06113	917
06115	849
06999	1767
08001	959
08003	687
08005	1374
08007	563
08009	609
08011	627
08013	1311
08014	1857
08015	576
08017	934
08019	809
08021	574
08023	546
08025	659
08027	635
08029	569
08031	1424
08033	612
08035	1326
08037	836
08039	788
08041	930
08043	625
08045	928
08047	845
08049	580
08051	615
08053	572
08055	652
08057	720
08059	1129
08061	771
08063	669
08065	704
08067	831
08069	975
08071	741
08073	630
08075	688
08077	785
08079	548
08081	909
08083	652
08085	661
08087	794
08089	632
08091	652
08093	760
08095	661
08097	922
08099	574
08101	770
08103	1108
08105	693
08107	783
08109	588
08111	452
08113	736
08115	683
08117	695
08119	800
08121	1038
08123	1013
08125	709
08999	1756
09001	2024
09003	1432
09005	841
09007	1012
09009	1075
09011	1191
09013	796
09015	815
09999	2188
10001	0
10003	1396
10005	740
10999	0
11001	1758
12001	747
12003	588
12005	713
12007	721
12009	907
12011	995
12013	536
12015	685
12017	714
12019	710
12021	860
12023	646
12027	654
12029	661
12031	1049
12033	840
12035	611
12037	535
12039	671
12041	617
12043	787
12045	663
12047	992
12049	572
12051	617
12053	662
12055	610
12057	1058
12059	495
12061	778
12063	614
12065	613
12067	504
12069	666
12071	799
12073	777
12075	583
12077	734
12079	582
12081	784
12083	689
12085	778
12086	1031
12087	728
12089	701
12091	797
12093	870
12095	932
12097	677
12099	1046
12101	712
12103	908
12105	815
12107	658
12109	881
12111	722
12113	684
12115	845
12117	908
12119	707
12121	614
12123	776
12125	639
12127	723
12129	689
12131	697
12133	614
12999	1649
13001	1139
13003	687
13005	661
13007	805
13009	584
13011	608
13013	709
13015	830
13017	595
13019	695
13021	842
13023	510
13025	553
13027	665
13029	635
13031	610
13033	1653
13035	663
13037	548
13039	699
13043	513
13045	829
13047	627
13049	723
13051	888
13053	916
13055	622
13057	779
13059	882
13061	462
13063	1220
13065	677
13067	1222
13069	638
13071	617
13073	721
13075	536
13077	760
13079	635
13081	654
13083	677
13085	544
13087	637
13089	1163
13091	544
13093	618
13095	751
13097	710
13099	860
13101	751
13103	868
13105	629
13107	681
13109	530
13111	569
13113	788
13115	797
13117	985
13119	683
13121	1706
13123	589
13125	472
13127	770
13129	916
13131	644
13133	705
13135	1076
13137	706
13139	888
13141	770
13143	799
13145	559
13147	704
13149	1173
13151	681
13153	693
13155	625
13157	743
13159	610
13161	632
13163	741
13165	562
13167	584
13169	649
13171	635
13173	544
13175	665
13177	639
13179	702
13181	592
13183	514
13185	634
13187	569
13189	643
13191	523
13193	759
13195	617
13197	612
13199	708
13201	552
13205	585
13207	798
13209	601
13211	697
13213	639
13215	899
13217	807
13219	717
13221	620
13223	641
13225	677
13227	862
13229	623
13231	664
13233	695
13235	723
13237	603
13239	585
13241	553
13243	574
13245	816
13247	875
13249	638
13251	669
13253	622
13255	675
13257	736
13259	743
13261	726
13263	762
13265	403
13267	680
13269	686
13271	522
13273	603
13275	789
13277	627
13279	653
13281	578
13283	531
13285	844
13287	572
13289	591
13291	716
13293	677
13295	630
13297	796
13299	678
13301	845
13303	789
13305	795
13307	841
13309	632
13311	570
13313	858
13315	526
13317	615
13319	907
13321	630
13999	1528
15001	740
15003	964
15007	787
15009	798
15999	1402
16001	896
16003	709
16005	648
16007	492
16009	767
16011	678
16013	745
16015	382
16017	628
16019	727
16021	643
16023	1714
16025	1032
16027	670
16029	1240
16031	687
16033	1120
16035	651
16037	599
16039	610
16041	552
16043	595
16045	537
16047	738
16049	616
16051	612
16053	683
16055	689
16057	524
16059	514
16061	585
16063	646
16065	547
16067	693
16069	799
16071	485
16073	649
16075	680
16077	793
16079	726
16081	626
16083	664
16085	603
16087	592
16999	1379
17001	775
17003	702
17005	774
17007	781
17009	912
17011	794
17013	467
17015	685
17017	688
17019	828
17021	705
17023	706
17025	681
17027	615
17029	693
17031	1384
17033	919
17035	572
17037	735
17039	1244
17041	730
17043	1294
17045	781
17047	824
17049	714
17051	571
17053	835
17055	597
17057	600
17059	1064
17061	603
17063	1286
17065	875
17067	645
17069	636
17071	524
17073	715
17075	609
17077	714
17079	809
17081	797
17083	590
17085	640
17087	538
17089	896
17091	780
17093	725
17095	633
17097	1735
17099	896
17101	756
17103	834
17105	829
17107	758
17109	577
17111	848
17113	1186
17115	1005
17117	664
17119	813
17121	702
17123	684
17125	601
17127	963
17129	606
17131	632
17133	656
17135	695
17137	895
17139	794
17141	1038
17143	1038
17145	639
17147	667
17149	704
17151	452
17153	1089
17155	866
17157	687
17159	682
17161	1063
17163	740
17165	748
17167	856
17169	800
17171	828
17173	616
17175	752
17177	908
17179	1301
17181	548
17183	776
17185	621
17187	751
17189	937
17191	617
17193	670
17195	709
17197	887
17199	705
17201	924
17203	767
17999	1721
18001	692
18003	901
18005	1104
18007	746
18009	704
18011	763
18013	451
18015	698
18017	665
18019	775
18021	684
18023	787
18025	610
18027	647
18029	653
18031	880
18033	923
18035	708
18037	796
18039	991
18041	653
18043	767
18045	679
18047	648
18049	683
18051	1001
18053	759
18055	626
18057	1122
18059	978
18061	680
18063	688
18065	637
18067	1040
18069	708
18071	833
18073	770
18075	681
18077	756
18079	724
18081	707
18083	737
18085	1038
18087	821
18089	917
18091	747
18093	790
18095	714
18097	1165
18099	719
18101	853
18103	658
18105	724
18107	854
18109	773
18111	737
18113	750
18115	730
18117	613
18119	941
18121	590
18123	773
18125	1110
18127	857
18129	1142
18131	865
18133	707
18135	701
18137	822
18139	725
18141	832
18143	682
18145	812
18147	889
18149	531
18151	670
18153	748
18155	640
18157	850
18159	826
18161	603
18163	864
18165	1050
18167	751
18169	704
18171	810
18173	901
18175	639
18177	739
18179	727
18181	723
18183	810
18999	1271
19001	648
19003	682
19005	646
19007	677
19009	683
19011	702
19013	847
19015	726
19017	807
19019	669
19021	745
19023	671
19025	634
19027	724
19029	623
19031	705
19033	775
19035	713
19037	749
19039	720
19041	733
19043	685
19045	775
19047	791
19049	1176
19051	651
19053	580
19055	777
19057	812
19059	715
19061	835
19063	711
19065	653
19067	833
19069	768
19071	644
19073	760
19075	829
19077	806
19079	738
19081	796
19083	744
19085	669
19087	774
19089	640
19091	754
19093	902
19095	723
19097	619
19099	677
19101	721
19103	767
19105	703
19107	675
19109	861
19111	874
19113	1035
19115	784
19117	813
19119	667
19121	653
19123	754
19125	934
19127	839
19129	802
19131	733
19133	654
19135	871
19137	711
19139	1014
19141	690
19143	712
19145	685
19147	692
19149	961
19151	741
19153	1153
19155	752
19157	827
19159	654
19161	760
19163	848
19165	752
19167	733
19169	847
19171	695
19173	692
19175	660
19177	610
19179	731
19181	677
19183	618
19185	666
19187	831
19189	678
19191	730
19193	756
19195	652
19197	730
20001	691
20003	745
20005	796
20007	681
20009	697
20011	657
20013	806
20015	722
20017	654
20019	548
20021	760
20023	609
20025	906
20027	549
20029	536
20031	1651
20033	498
20035	741
20037	636
20039	526
20041	590
20043	694
20045	633
20047	721
20049	440
20051	665
20053	629
20055	734
20057	777
20059	693
20061	583
20063	626
20065	702
20067	886
20069	742
20071	636
20073	647
20075	679
20077	671
20079	720
20081	818
20083	608
20085	580
20087	752
20089	580
20091	1135
20093	835
20095	733
20097	645
20099	661
20101	802
20103	717
20105	592
20107	1065
20109	608
20111	608
20113	884
20115	633
20117	686
20119	772
20121	736
20123	680
20125	687
20127	562
20129	706
20131	717
20133	661
20135	729
20137	702
20139	516
20141	564
20143	558
20145	652
20147	784
20149	812
20151	704
20153	622
20155	701
20157	551
20159	708
20161	609
20163	674
20165	639
20167	711
20169	716
20171	684
20173	959
20175	773
20177	900
20179	712
20181	614
20183	561
20185	631
20187	726
20189	692
20191	655
20193	730
20195	677
20197	627
20199	659
20201	510
20203	751
20205	671
20207	504
20209	963
20999	1376
21001	568
21003	633
21005	708
21007	1069
21009	661
21011	741
21013	642
21015	913
21017	782
21019	862
21021	744
21023	737
21025	594
21027	613
21029	679
21031	659
21033	645
21035	611
21037	871
21039	556
21041	1208
21043	621
21045	584
21047	754
21049	770
21051	623
21053	556
21055	598
21057	652
21059	801
21061	565
21063	489
21065	687
21067	853
21069	624
21071	778
21073	752
21075	670
21077	1033
21079	645
21081	804
21083	681
21085	656
21087	583
21089	732
21091	1444
21093	728
21095	681
21097	827
21099	655
21101	837
21103	712
21105	567
21107	816
21109	628
21111	1100
21113	746
21115	601
21117	1036
21119	585
21121	587
21123	618
21125	662
21127	681
21129	692
21131	727
21133	653
21135	627
21137	597
21139	843
21141	807
21143	497
21145	802
21147	465
21149	723
21151	727
21153	543
21155	772
21157	1009
21159	808
21161	787
21163	749
21165	564
21167	951
21169	624
21171	592
21173	774
21175	649
21177	834
21179	762
21181	575
21183	632
21185	828
21187	798
21189	495
21191	769
21193	741
21195	821
21197	585
21199	655
21201	0
21203	644
21205	598
21207	554
21209	1028
21211	780
21213	744
21215	722
21217	591
21219	606
21221	597
21223	1206
21225	858
21227	821
21229	696
21231	577
21233	1063
21235	706
21237	496
21239	826
21999	0
22001	653
22003	692
22005	1139
22007	840
22009	612
22011	836
22013	687
22015	703
22017	787
22019	939
22021	680
22023	1545
22025	572
22027	694
22029	619
22031	1072
22033	1019
22035	530
22037	713
22039	668
22041	514
22043	578
22045	882
22047	1504
22049	741
22051	926
22053	668
22055	870
22057	948
22059	695
22061	675
22063	755
22065	533
22067	593
22069	653
22071	984
22073	795
22075	1385
22077	653
22079	737
22081	738
22083	612
22085	689
22087	965
22089	1534
22091	749
22093	1578
22095	1112
22097	648
22099	772
22101	1003
22103	879
22105	614
22107	0
22109	945
22111	587
22113	743
22115	684
22117	658
22119	722
22121	1048
22123	698
22125	1250
22127	705
22999	0
23001	778
23003	676
23005	1028
23007	674
23009	748
23011	739
23013	754
23015	723
23017	690
23019	761
23021	581
23023	958
23025	788
23027	799
23029	643
23031	780
23999	1437
24001	665
24003	1100
24005	1045
24009	1153
24011	779
24013	809
24015	896
24017	755
24019	704
24021	946
24023	614
24025	851
24027	1336
24029	728
24031	1445
24033	975
24035	703
24037	1058
24039	685
24041	761
24043	793
24045	776
24047	600
24510	1258
24999	1808
25001	866
25003	887
25005	960
25007	1025
25009	1157
25011	808
25013	960
25015	799
25017	1770
25019	0
25021	1277
25023	935
25025	2085
25027	1084
25999	0
26001	661
26003	748
26005	892
26007	658
26009	576
26011	615
26013	714
26015	775
26017	854
26019	587
26021	964
26023	734
26025	1088
26027	711
26029	831
26031	552
26033	560
26035	690
26037	805
26039	788
26041	705
26043	860
26045	930
26047	844
26049	817
26051	659
26053	678
26055	835
26057	760
26059	803
26061	635
26063	709
26065	909
26067	534
26069	736
26071	670
26073	629
26075	907
26077	1032
26079	955
26081	928
26083	398
26085	615
26087	709
26089	650
26091	814
26093	807
26095	524
26097	611
26099	1103
26101	741
26103	769
26105	734
26107	676
26109	709
26111	1508
26113	631
26115	1016
26117	741
26119	697
26121	808
26123	740
26125	1249
26127	675
26129	580
26131	569
26133	838
26135	561
26137	777
26139	880
26141	680
26143	561
26145	854
26147	839
26149	721
26151	633
26153	721
26155	715
26157	694
26159	851
26161	1084
26163	1237
26165	741
26999	1407
27001	636
27003	950
27005	661
27007	699
27009	743
27011	627
27013	783
27015	752
27017	815
27019	1041
27021	510
27023	706
27025	810
27027	709
27029	815
27031	485
27033	680
27035	711
27037	1066
27039	845
27041	754
27043	716
27045	624
27047	751
27049	904
27051	672
27053	1501
27055	612
27057	680
27059	760
27061	736
27063	710
27065	627
27067	692
27069	686
27071	773
27073	610
27075	797
27077	610
27079	830
27081	688
27083	902
27085	845
27087	656
27089	746
27091	750
27093	711
27095	606
27097	628
27099	861
27101	647
27103	813
27105	811
27107	714
27109	1250
27111	718
27113	882
27115	524
27117	659
27119	721
27121	771
27123	1361
27125	683
27127	684
27129	765
27131	821
27133	712
27135	910
27137	815
27139	908
27141	830
27143	767
27145	892
27147	920
27149	838
27151	719
27153	746
27155	637
27157	685
27159	682
27161	761
27163	923
27165	663
27167	763
27169	759
27171	773
27173	701
27999	1900
28001	658
28003	657
28005	653
28007	607
28009	594
28011	668
28013	612
28015	565
28017	665
28019	1022
28021	1099
28023	612
28025	689
28027	675
28029	722
28031	640
28033	632
28035	710
28037	684
28039	549
28041	620
28043	599
28045	812
28047	680
28049	821
28051	608
28053	540
28055	415
28057	695
28059	1001
28061	787
28063	643
28065	685
28067	762
28069	1337
28071	612
28073	563
28075	655
28077	1026
28079	564
28081	751
28083	582
28085	733
28087	773
28089	848
28091	659
28093	719
28095	749
28097	553
28099	737
28101	592
28103	556
28105	536
28107	695
28109	598
28111	879
28113	578
28115	636
28117	593
28119	512
28121	776
28123	634
28125	506
28127	514
28129	823
28131	627
28133	568
28135	564
28137	589
28139	626
28141	619
28143	619
28145	849
28147	546
28149	703
28151	599
28153	650
28155	627
28157	496
28159	670
28161	664
28163	649
28999	1155
29001	581
29003	614
29005	584
29007	666
29009	724
29011	547
29013	550
29015	554
29017	547
29019	747
29021	835
29023	608
29025	592
29027	841
29029	586
29031	728
29033	612
29035	444
29037	639
29039	482
29041	593
29043	571
29045	470
29047	949
29049	663
29051	757
29053	611
29055	957
29057	633
29059	448
29061	524
29063	700
29065	533
29067	487
29069	468
29071	745
29073	565
29075	633
29077	803
29079	676
29081	520
29083	618
29085	448
29087	667
29089	521
29091	610
29093	725
29095	1074
29097	814
29099	669
29101	585
29103	493
29105	629
29107	615
29109	661
29111	559
29113	720
29115	685
29117	617
29119	673
29121	586
29123	526
29125	602
29127	702
29129	656
29131	580
29133	572
29135	651
29137	578
29139	641
29141	550
29143	636
29145	676
29147	620
29149	435
29151	662
29153	455
29155	548
29157	669
29159	644
29161	661
29163	597
29165	943
29167	571
29169	498
29171	487
29173	845
29175	682
29177	701
29179	636
29181	388
29183	928
29185	492
29186	861
29187	568
29189	1171
29195	657
29197	490
29199	455
29201	675
29203	445
29205	551
29207	654
29209	575
29211	909
29213	556
29215	550
29217	683
29219	715
29221	466
29223	486
29225	600
29227	443
29229	554
29510	1209
29999	1370
30001	626
30003	874
30005	523
30007	653
30009	613
30011	559
30013	740
30015	686
30017	637
30019	814
30021	802
30023	702
30025	1091
30027	615
30029	759
30031	775
30033	433
30035	682
30037	565
30039	529
30041	619
30043	758
30045	592
30047	610
30049	773
30051	585
30053	534
30055	697
30057	711
30059	470
30061	505
30063	725
30065	983
30067	624
30069	398
30071	626
30073	635
30075	486
30077	645
30079	562
30081	640
30083	1011
30085	660
30087	1062
30089	542
30091	706
30093	780
30095	1330
30097	960
30099	662
30101	701
30103	690
30105	667
30107	661
30109	624
30111	885
30999	1284
31001	684
31003	643
31005	500
31007	690
31009	564
31011	695
31013	630
31015	528
31017	531
31019	719
31021	680
31023	768
31025	751
31027	621
31029	667
31031	484
31033	1240
31035	724
31037	731
31039	689
31041	716
31043	779
31045	521
31047	652
31049	546
31051	722
31053	684
31055	1006
31057	638
31059	805
31061	500
31063	608
31065	641
31067	647
31069	547
31071	500
31073	738
31075	537
31077	559
31079	719
31081	841
31083	501
31085	682
31087	658
31089	655
31091	482
31093	529
31095	678
31097	567
31099	723
31101	653
31103	449
31105	695
31107	587
31109	803
31111	695
31113	543
31115	315
31117	570
31119	718
31121	714
31123	640
31125	632
31127	624
31129	594
31131	633
31133	596
31135	739
31137	767
31139	590
31141	779
31143	661
31145	670
31147	572
31149	815
31151	809
31153	843
31155	663
31157	674
31159	765
31161	490
31163	522
31165	536
31167	1376
31169	698
31171	553
31173	751
31175	609
31177	911
31179	592
31181	580
31183	669
31185	707
31999	1401
32001	840
32003	897
32005	824
32007	1016
32009	0
32011	2216
32013	1179
32015	1814
32017	517
32019	763
32021	893
32023	966
32027	1229
32029	1076
32031	888
32033	1151
32510	865
32999	0
33001	796
33003	682
33005	893
33007	705
33009	1187
33011	1151
33013	947
33015	1059
33017	1052
33019	867
33999	2306
34001	806
34003	1291
34005	1091
34007	972
34009	697
34011	784
34013	1489
34015	837
34017	1699
34019	1385
34021	1578
34023	1334
34025	1049
34027	1814
34029	779
34031	965
34033	1154
34035	2106
34037	854
34039	1446
34041	944
34999	1954
35001	854
35003	337
35005	604
35006	633
35007	530
35009	679
35011	569
35013	625
35015	1037
35017	799
35019	535
35021	563
35023	465
35025	973
35027	545
35028	1762
35029	542
35031	497
35033	544
35035	625
35037	554
35039	619
35041	567
35043	755
35045	883
35047	458
35049	738
35051	494
35053	588
35055	573
35057	630
35059	627
35061	573
35999	1101
36001	1045
36003	666
36005	911
36007	797
36009	736
36011	772
36013	714
36015	827
36017	1001
36019	775
36021	761
36023	708
36025	878
36027	973
36029	936
36031	729
36033	676
36035	678
36037	740
36039	689
36041	496
36043	674
36045	708
36047	808
36049	703
36051	682
36053	741
36055	969
36057	728
36059	1135
36061	3155
36063	763
36065	777
36067	950
36069	948
36071	810
36073	710
36075	901
36077	813
36079	890
36081	969
36083	997
36085	849
36087	985
36089	820
36091	961
36093	1119
36095	666
36097	715
36099	833
36101	1267
36103	1078
36105	701
36107	1026
36109	996
36111	714
36113	847
36115	752
36117	813
36119	1464
36121	739
36123	645
36999	1926
37001	782
37003	624
37005	542
37007	629
37009	658
37011	548
37013	740
37015	567
37017	743
37019	758
37021	775
37023	657
37025	752
37027	809
37029	607
37031	586
37033	599
37035	823
37037	696
37039	603
37041	590
37043	550
37045	725
37047	657
37049	700
37051	677
37053	630
37055	595
37057	747
37059	687
37061	653
37063	1416
37065	633
37067	1123
37069	802
37071	744
37073	580
37075	638
37077	820
37079	562
37081	937
37083	618
37085	616
37087	659
37089	720
37091	688
37093	675
37095	551
37097	985
37099	585
37101	754
37103	629
37105	766
37107	701
37109	770
37111	706
37113	613
37115	607
37117	572
37119	1498
37121	676
37123	660
37125	739
37127	754
37129	827
37131	678
37133	552
37135	871
37137	524
37139	641
37141	622
37143	610
37145	823
37147	733
37149	584
37151	670
37153	648
37155	583
37157	672
37159	799
37161	661
37163	714
37165	656
37167	618
37169	563
37171	687
37173	557
37175	675
37177	616
37179	816
37181	652
37183	1122
37185	512
37187	900
37189	603
37191	664
37193	685
37195	876
37197	655
37199	542
37999	1731
38001	778
38003	701
38005	790
38007	683
38009	748
38011	786
38013	1019
38015	939
38017	929
38019	680
38021	696
38023	898
38025	1446
38027	617
38029	616
38031	854
38033	704
38035	764
38037	671
38039	675
38041	812
38043	723
38045	696
38047	524
38049	866
38051	669
38053	1520
38055	1226
38057	1381
38059	896
38061	1409
38063	614
38065	1556
38067	756
38069	746
38071	754
38073	687
38075	807
38077	806
38079	530
38081	945
38083	482
38085	477
38087	0
38089	1151
38091	976
38093	806
38095	725
38097	813
38099	706
38101	895
38103	659
38105	1458
38999	0
39001	737
39003	860
39005	719
39007	704
39009	625
39011	797
39013	831
39015	702
39017	996
39019	781
39021	802
39023	751
39025	814
39027	880
39029	667
39031	771
39033	711
39035	1119
39037	786
39039	912
39041	1186
39043	727
39045	680
39047	635
39049	1074
39051	787
39053	667
39055	781
39057	836
39059	732
39061	1225
39063	1018
39065	684
39067	926
39069	741
39071	640
39073	554
39075	686
39077	756
39079	647
39081	814
39083	754
39085	881
39087	619
39089	803
39091	806
39093	813
39095	937
39097	738
39099	707
39101	765
39103	820
39105	548
39107	720
39109	787
39111	586
39113	894
39115	676
39117	678
39119	744
39121	622
39123	860
39125	675
39127	756
39129	796
39131	954
39133	787
39135	743
39137	705
39139	701
39141	801
39143	742
39145	641
39147	683
39149	908
39151	769
39153	978
39155	808
39157	696
39159	1074
39161	724
39163	638
39165	1011
39167	882
39169	820
39171	777
39173	870
39175	833
39999	1639
40001	638
40003	767
40005	565
40007	824
40009	927
40011	830
40013	687
40015	765
40017	774
40019	815
40021	506
40023	563
40025	610
40027	665
40029	643
40031	681
40033	736
40035	647
40037	795
40039	783
40041	584
40043	942
40045	819
40047	803
40049	908
40051	683
40053	1092
40055	538
40057	689
40059	652
40061	531
40063	534
40065	634
40067	625
40069	512
40071	851
40073	913
40075	677
40077	942
40079	591
40081	669
40083	619
40085	552
40087	649
40089	700
40091	555
40093	799
40095	717
40097	801
40099	654
40101	707
40103	1018
40105	644
40107	506
40109	1015
40111	665
40113	670
40115	585
40117	637
40119	617
40121	751
40123	670
40125	655
40127	538
40129	780
40131	855
40133	695
40135	465
40137	765
40139	766
40141	687
40143	1003
40145	767
40147	1204
40149	685
40151	1025
40153	973
40999	1300
41001	652
41003	887
41005	974
41007	674
41009	697
41011	664
41013	1029
41015	599
41017	807
41019	706
41021	827
41023	588
41025	536
41027	717
41029	753
41031	658
41033	638
41035	676
41037	581
41039	768
41041	635
41043	795
41045	601
41047	758
41049	973
41051	1092
41053	632
41055	746
41057	710
41059	671
41061	675
41063	573
41065	766
41067	1390
41069	525
41071	742
41999	1469
42001	730
42003	1208
42005	733
42007	848
42009	641
42011	933
42013	736
42015	901
42017	967
42019	948
42021	695
42023	754
42025	641
42027	793
42029	1439
42031	579
42033	707
42035	758
42037	705
42039	734
42041	943
42043	1055
42045	1243
42047	793
42049	772
42051	681
42053	0
42055	760
42057	912
42059	1058
42061	652
42063	827
42065	727
42067	658
42069	758
42071	870
42073	720
42075	743
42077	1074
42079	802
42081	764
42083	793
42085	765
42087	707
42089	801
42091	1472
42093	1281
42095	909
42097	804
42099	541
42101	1273
42103	539
42105	802
42107	795
42109	683
42111	689
42113	606
42115	746
42117	743
42119	775
42121	682
42123	749
42125	1211
42127	647
42129	826
42131	906
42133	900
42999	0
44001	0
44003	931
44005	888
44007	1095
44009	839
44999	0
45001	712
45003	960
45005	926
45007	729
45009	627
45011	667
45013	702
45015	1066
45017	870
45019	916
45021	691
45023	839
45025	723
45027	505
45029	598
45031	1061
45033	598
45035	692
45037	659
45039	1412
45041	726
45043	706
45045	914
45047	735
45049	648
45051	596
45053	735
45055	735
45057	936
45059	805
45061	707
45063	783
45065	0
45067	610
45069	917
45071	703
45073	1006
45075	689
45077	630
45079	922
45081	601
45083	882
45085	703
45087	689
45089	673
45091	909
45999	0
46003	654
46005	724
46007	471
46009	607
46011	821
46013	774
46015	552
46017	533
46019	631
46021	644
46023	591
46025	616
46027	540
46029	735
46031	728
46033	680
46035	747
46037	586
46039	781
46041	599
46043	635
46045	746
46047	560
46049	658
46051	783
46053	573
46055	689
46057	685
46059	580
46061	732
46063	840
46065	773
46067	670
46069	798
46071	406
46073	749
46075	577
46077	724
46079	768
46081	636
46083	957
46085	491
46087	665
46089	637
46091	768
46093	660
46095	405
46097	638
46099	920
46101	751
46102	483
46103	804
46105	597
46107	633
46109	590
46111	659
46115	753
46117	566
46119	725
46121	777
46123	681
46125	660
46127	995
46129	632
46135	799
46137	558
46999	1447
47001	1074
47003	731
47005	593
47007	619
47009	921
47011	783
47013	659
47015	590
47017	739
47019	663
47021	872
47023	613
47025	670
47027	611
47029	611
47031	830
47033	764
47035	629
47037	1157
47039	745
47041	719
47043	713
47045	736
47047	843
47049	586
47051	662
47053	674
47055	721
47057	686
47059	703
47061	483
47063	729
47065	920
47067	476
47069	779
47071	856
47073	839
47075	737
47077	718
47079	698
47081	685
47083	605
47085	1017
47087	618
47089	771
47091	814
47093	936
47095	534
47097	708
47099	621
47101	564
47103	682
47105	750
47107	818
47109	613
47111	617
47113	755
47115	719
47117	786
47119	971
47121	796
47123	734
47125	657
47127	923
47129	702
47131	713
47133	733
47135	555
47137	589
47139	545
47141	663
47143	644
47145	1369
47147	747
47149	910
47151	560
47153	603
47155	524
47157	1063
47159	746
47161	730
47163	936
47165	806
47167	663
47169	586
47171	899
47173	654
47175	702
47177	731
47179	721
47181	638
47183	610
47185	659
47187	1335
47189	771
47999	1345
48001	861
48003	1226
48005	748
48007	676
48009	694
48011	705
48013	884
48015	873
48017	755
48019	660
48021	672
48023	675
48025	716
48027	861
48029	968
48031	861
48033	594
48035	716
48037	692
48039	1177
48041	718
48043	609
48045	591
48047	586
48049	675
48051	817
48053	798
48055	687
48057	1332
48059	753
48061	547
48063	778
48065	1837
48067	749
48069	689
48071	1423
48073	627
48075	608
48077	688
48079	799
48081	843
48083	560
48085	1390
48087	811
48089	809
48091	817
48093	647
48095	730
48097	845
48099	815
48101	787
48103	1265
48105	828
48107	812
48109	872
48111	821
48113	1403
48115	749
48117	793
48119	314
48121	988
48123	942
48125	688
48127	963
48129	546
48131	677
48133	896
48135	1061
48137	1243
48139	835
48141	664
48143	642
48145	643
48147	688
48149	694
48151	744
48153	646
48155	511
48157	1032
48159	758
48161	986
48163	948
48165	1150
48167	898
48169	716
48171	682
48173	903
48175	630
48177	775
48179	1030
48181	802
48183	867
48185	964
48187	769
48189	680
48191	527
48193	666
48195	1846
48197	667
48199	814
48201	1490
48203	957
48205	699
48207	656
48209	699
48211	1340
48213	647
48215	574
48217	778
48219	1010
48221	746
48223	739
48225	1108
48227	890
48229	734
48231	1116
48233	1425
48235	1661
48237	1003
48239	812
48241	799
48243	541
48245	1169
48247	586
48249	810
48251	798
48253	735
48255	1129
48257	772
48259	942
48261	1073
48263	925
48265	731
48267	534
48269	639
48271	611
48273	642
48275	809
48277	811
48279	745
48281	618
48283	1238
48285	693
48287	925
48289	976
48291	834
48293	874
48295	810
48297	1161
48299	621
48301	0
48303	746
48305	935
48307	806
48309	854
48311	1138
48313	678
48315	616
48317	976
48319	590
48321	1278
48323	502
48325	637
48327	132
48329	1490
48331	858
48333	574
48335	962
48337	725
48339	1121
48341	933
48343	987
48345	531
48347	652
48349	697
48351	637
48353	796
48355	916
48357	948
48359	721
48361	1064
48363	889
48365	844
48367	821
48369	753
48371	918
48373	740
48375	798
48377	526
48379	555
48381	850
48383	1074
48385	454
48387	629
48389	896
48391	736
48393	1432
48395	901
48397	780
48399	711
48401	876
48403	744
48405	681
48407	604
48409	994
48411	698
48413	890
48415	1042
48417	898
48419	667
48421	785
48423	829
48425	1367
48427	444
48429	660
48431	1067
48433	738
48435	1280
48437	637
48439	1069
48441	744
48443	491
48445	894
48447	546
48449	725
48451	767
48453	1281
48455	642
48457	608
48459	664
48461	1723
48463	556
48465	564
48467	637
48469	850
48471	618
48473	836
48475	1154
48477	730
48479	586
48481	720
48483	799
48485	732
48487	762
48489	605
48491	1188
48493	676
48495	1302
48497	828
48499	687
48501	1319
48503	843
48505	876
48507	639
48999	0
49001	694
49003	718
49005	656
49007	827
49009	574
49011	781
49013	972
49015	896
49017	541
49019	557
49021	574
49023	701
49025	578
49027	757
49029	835
49031	473
49033	480
49035	1050
49037	673
49039	563
49041	660
49043	832
49045	723
49047	909
49049	874
49051	704
49053	668
49055	518
49057	769
50001	886
50003	776
50005	727
50007	997
50009	581
50011	822
50013	688
50015	703
50017	757
50019	671
50021	806
50023	973
50025	764
50027	808
50999	670
51001	667
51003	941
51005	670
51007	646
51009	705
51011	501
51013	1822
51015	827
51017	819
51019	721
51021	881
51023	765
51025	662
51027	899
51029	681
51031	1032
51033	715
51035	561
51036	852
51037	655
51041	914
51043	876
51045	729
51047	787
51049	597
51051	810
51053	798
51057	611
51059	1798
51061	863
51063	544
51065	715
51067	602
51069	881
51071	807
51073	583
51075	2545
51077	556
51079	637
51081	769
51083	698
51085	825
51087	1149
51089	602
51091	603
51093	1177
51095	754
51097	798
51099	1094
51101	877
51103	683
51105	517
51107	1255
51109	980
51111	589
51113	691
51115	504
51117	626
51119	677
51121	718
51125	623
51127	674
51131	610
51133	713
51135	580
51137	688
51139	574
51141	534
51143	667
51145	709
51147	623
51149	806
51153	830
51155	735
51157	1145
51159	693
51161	779
51163	563
51165	844
51167	765
51169	600
51171	695
51173	647
51175	688
51177	734
51179	854
51181	1890
51183	717
51185	676
51187	694
51191	677
51193	555
51195	605
51197	636
51199	662
51510	1311
51520	650
51530	773
51540	1100
51550	825
51570	577
51580	953
51590	666
51595	620
51600	1070
51610	1197
51620	549
51630	775
51640	559
51650	755
51660	654
51670	1106
51678	736
51680	824
51683	1202
51685	856
51690	648
51700	1071
51710	957
51720	632
51730	718
51735	531
51740	812
51750	766
51760	1311
51770	845
51775	891
51790	630
51800	851
51810	786
51820	758
51830	648
51840	859
51999	1630
53001	720
53003	692
53005	1012
53007	701
53009	629
53011	949
53013	608
53015	922
53017	634
53019	670
53021	722
53023	0
53025	699
53027	715
53029	641
53031	628
53033	1638
53035	761
53037	598
53039	1084
53041	731
53043	623
53045	627
53047	523
53049	574
53051	885
53053	896
53055	602
53057	864
53059	540
53061	1201
53063	879
53065	679
53067	822
53069	654
53071	757
53073	849
53075	741
53077	690
53999	0
54001	714
54003	683
54005	843
54007	648
54009	851
54011	783
54013	688
54015	530
54017	1185
54019	683
54021	582
54023	817
54025	653
54027	575
54029	739
54031	623
54033	878
54035	766
54037	747
54039	938
54041	861
54043	682
54045	810
54047	813
54049	828
54051	1202
54053	935
54055	656
54057	748
54059	849
54061	1030
54063	691
54065	649
54067	631
54069	826
54071	561
54073	1013
54075	542
54077	622
54079	944
54081	706
54083	617
54085	738
54087	635
54089	624
54091	938
54093	618
54095	952
54097	702
54099	702
54101	626
54103	568
54105	486
54107	741
54109	814
54999	1150
55001	650
55003	687
55005	708
55007	513
55009	968
55011	681
55013	611
55015	726
55017	751
55019	700
55021	769
55023	668
55025	1051
55027	895
55029	662
55031	741
55033	734
55035	859
55037	457
55039	874
55041	546
55043	652
55045	714
55047	670
55049	753
55051	479
55053	800
55055	767
55057	756
55059	785
55061	753
55063	824
55065	641
55067	627
55069	853
55071	846
55073	859
55075	774
55077	751
55078	287
55079	1059
55081	728
55083	616
55085	766
55087	904
55089	880
55091	760
55093	643
55095	649
55097	840
55099	711
55101	897
55103	660
55105	848
55107	654
55109	758
55111	722
55113	700
55115	624
55117	959
55119	684
55121	765
55123	662
55125	556
55127	707
55129	637
55131	852
55133	1080
55135	710
55137	579
55139	1025
55141	856
55999	1355
56001	612
56003	765
56005	1102
56007	1039
56009	952
56011	795
56013	723
56015	645
56017	607
56019	641
56021	762
56023	919
56025	876
56027	0
56029	751
56031	838
56033	673
56035	1222
56037	1175
56039	862
56041	783
56043	752
56045	664
56999	0
72001	314
72003	281
72005	506
72007	316
72009	476
72011	571
72013	434
72015	728
72017	666
72019	333
72021	438
72023	266
72025	481
72027	323
72029	453
72031	491
72033	572
72035	475
72037	414
72039	279
72041	545
72043	330
72045	349
72047	314
72049	0
72051	518
72053	505
72054	349
72055	283
72057	538
72059	345
72061	671
72063	616
72065	340
72067	326
72069	531
72071	461
72073	575
72075	477
72077	1354
72079	305
72081	285
72083	203
72085	632
72087	330
72089	390
72091	613
72093	516
72095	325
72097	381
72099	298
72101	306
72103	373
72105	361
72107	290
72109	411
72111	415
72113	412
72115	285
72117	314
72119	423
72121	339
72123	403
72125	427
72127	585
72129	540
72131	272
72133	336
72135	364
72137	448
72139	305
72141	290
72143	389
72145	569
72147	454
72149	446
72151	336
72153	335
72999	0
78010	0
78020	0
78030	690
